operation,parameter,type,required,default,override_active,override_type
absolute_extrema,expression,expression,True,None,False,
absolute_extrema,start,number,True,None,True,number
absolute_extrema,end,number,True,None,True,number
absolute_extrema,variable,variable,False,'x',False,
absolute_value,value,number,True,None,False,
acceleration_vector,position_components,list,True,None,False,
acceleration_vector,parameter,variable,False,'t',False,
add,a,number,True,None,False,
add,b,number,True,None,False,
angle_of_depression,vertical_drop,number,True,None,False,
angle_of_depression,horizontal_distance,number,True,None,False,
angle_of_elevation,vertical_height,number,True,None,False,
angle_of_elevation,horizontal_distance,number,True,None,False,
angle_quadrant_degrees,degrees,angle,True,None,False,
annulus_area,outer_radius,number,True,None,False,
annulus_area,inner_radius,number,True,None,False,
antiderivative,expression,expression,True,None,False,
antiderivative,variable,variable,False,'x',False,
arc_length,radius,number,True,None,False,
arc_length,central_angle_degrees,angle,True,None,False,
arccosecant,value,number,True,None,False,
arccosecant,output_unit,string,False,'radians',False,
arccosine,value,number,True,None,False,
arccosine,output_unit,string,False,'radians',False,
arccotangent,value,number,True,None,False,
arccotangent,output_unit,string,False,'radians',False,
arcsecant,value,number,True,None,False,
arcsecant,output_unit,string,False,'radians',False,
arcsine,value,number,True,None,False,
arcsine,output_unit,string,False,'radians',False,
arctangent,value,number,True,None,False,
arctangent,output_unit,string,False,'radians',False,
are_parallel,slope_1,number,True,None,False,
are_parallel,slope_2,number,True,None,False,
are_perpendicular,slope_1,number,True,None,False,
are_perpendicular,slope_2,number,True,None,False,
area_between_curves,upper_function,expression,True,None,False,
area_between_curves,lower_function,expression,True,None,False,
area_between_curves,lower,bounds,True,None,False,
area_between_curves,upper,bounds,True,None,False,
area_between_curves,variable,variable,False,'x',False,
area_under_curve,expression,expression,True,None,False,
area_under_curve,lower,bounds,True,None,False,
area_under_curve,upper,bounds,True,None,False,
area_under_curve,variable,variable,False,'x',False,
average_function_value,expression,expression,True,None,False,
average_function_value,lower,bounds,True,None,False,
average_function_value,upper,bounds,True,None,False,
average_function_value,variable,variable,False,'x',False,
bearing_from_vector,x_component,number,True,None,False,
bearing_from_vector,y_component,number,True,None,False,
bearing_to_direction_angle,bearing,angle,True,None,False,
calculus_arc_length,expression,expression,True,None,False,
calculus_arc_length,lower,bounds,True,None,False,
calculus_arc_length,upper,bounds,True,None,False,
calculus_arc_length,variable,variable,False,'x',False,
calculus_detect_variables,expression,expression,True,None,False,
calculus_parse_expression,expression,expression,True,None,False,
calculus_parse_expression,variables,variable_list,False,None,False,
calculus_parse_variable,variable,variable,False,'x',False,
cartesian_to_polar,x,number,True,None,False,
cartesian_to_polar,y,number,True,None,False,
cartesian_to_polar,angle_unit,string,False,'radians',False,
ceiling_value,value,number,True,None,False,
center_to_chord_distance,radius,number,True,None,False,
center_to_chord_distance,chord,number,True,None,False,
chain_rule,outer_expression,expression,True,None,False,
chain_rule,inner_expression,expression,True,None,False,
chain_rule,outer_variable,variable,False,'u',False,
chain_rule,variable,variable,False,'x',False,
check_antiderivative,integrand,expression,True,None,False,
check_antiderivative,candidate,expression,True,None,False,
check_antiderivative,variable,variable,False,'x',False,
check_derivative,original,number,True,None,False,
check_derivative,candidate_derivative,expression,True,None,False,
check_derivative,variable,variable,False,'x',False,
chord_length,radius,number,True,None,False,
chord_length,distance_from_center,number,True,None,False,
circle_area,radius,number,True,None,False,
circle_center_radius_from_standard,h,number,True,None,False,
circle_center_radius_from_standard,k,number,True,None,False,
circle_center_radius_from_standard,radius_squared,number,True,None,False,
circle_circumference,radius,number,True,None,False,
circle_circumference_from_diameter,diameter,number,True,None,False,
circle_diameter,radius,number,True,None,False,
circle_equation,center_x,number,True,None,False,
circle_equation,center_y,number,True,None,False,
circle_equation,radius,number,True,None,False,
circle_radius_from_area,area,number,True,None,False,
circle_radius_from_circumference,circumference,number,True,None,False,
circle_radius_from_diameter,diameter,number,True,None,False,
classify_polygon,number_of_sides,integer,True,None,False,
classify_system_solution,equations,equation_list,True,None,False,
classify_system_solution,variables,variable_list,True,None,False,
classify_triangle_by_angles,angle_1,angle,True,None,False,
classify_triangle_by_angles,angle_2,angle,True,None,False,
classify_triangle_by_angles,angle_3,angle,True,None,False,
classify_triangle_by_side_lengths,side_a,number,True,None,False,
classify_triangle_by_side_lengths,side_b,number,True,None,False,
classify_triangle_by_side_lengths,side_c,number,True,None,False,
classify_triangle_by_sides,side_a,number,True,None,False,
classify_triangle_by_sides,side_b,number,True,None,False,
classify_triangle_by_sides,side_c,number,True,None,False,
cofunction_cosine,angle,angle,True,None,False,
cofunction_sine,angle,angle,True,None,False,
combine_rational,expression,expression,True,None,False,
complete_square,expression,expression,True,None,False,
complete_square,variable,variable,False,'x',False,
cone_frustum_surface_area,radius_1,number,True,None,False,
cone_frustum_surface_area,radius_2,number,True,None,False,
cone_frustum_surface_area,height,number,True,None,False,
cone_frustum_volume,radius_1,number,True,None,False,
cone_frustum_volume,radius_2,number,True,None,False,
cone_frustum_volume,height,number,True,None,False,
cone_lateral_area,radius,number,True,None,False,
cone_lateral_area,height,number,True,None,False,
cone_slant_height,radius,number,True,None,False,
cone_slant_height,height,number,True,None,False,
cone_surface_area,radius,number,True,None,False,
cone_surface_area,height,number,True,None,False,
cone_volume,radius,number,True,None,False,
cone_volume,height,number,True,None,False,
cosecant,angle,angle,True,None,False,
cosecant,unit,string,False,'radians',False,
cosine,angle,angle,True,None,False,
cosine,unit,string,False,'radians',False,
cosine_difference,angle_a,angle,True,None,False,
cosine_difference,angle_b,angle,True,None,False,
cosine_double_angle,angle,angle,True,None,False,
cosine_graph_properties,A,number,True,None,False,
cosine_graph_properties,B,number,True,None,False,
cosine_graph_properties,C,number,False,0,False,
cosine_graph_properties,D,number,False,0,False,
cosine_half_angle,angle,angle,True,None,False,
cosine_power_reduction,angle,angle,True,None,False,
cosine_sum,angle_a,angle,True,None,False,
cosine_sum,angle_b,angle,True,None,False,
cotangent,angle,angle,True,None,False,
cotangent,unit,string,False,'radians',False,
coterminal_angle_degrees,degrees,angle,True,None,False,
coterminal_angle_degrees,rotations,integer,False,1,False,
coterminal_angle_radians,radians,angle,True,None,False,
coterminal_angle_radians,rotations,integer,False,1,False,
critical_points,expression,expression,True,None,False,
critical_points,variable,variable,False,'x',False,
cube_surface_area,side,number,True,None,False,
cube_volume,side,number,True,None,False,
curve_intersections,first,expression,True,None,False,
curve_intersections,second,expression,True,None,False,
curve_intersections,variable,variable,False,'x',False,
cylinder_lateral_area,radius,number,True,None,False,
cylinder_lateral_area,height,number,True,None,False,
cylinder_surface_area,radius,number,True,None,False,
cylinder_surface_area,height,number,True,None,False,
cylinder_volume,radius,number,True,None,False,
cylinder_volume,height,number,True,None,False,
cylindrical_jacobian,radius,number,True,None,False,
decimal_calculus_value,expression,expression,True,None,False,
decimal_calculus_value,digits,integer,False,10,False,
decimal_trig_value,function_name,string,True,None,False,
decimal_trig_value,angle,angle,True,None,False,
decimal_trig_value,unit,string,False,'degrees',False,
decimal_trig_value,digits,integer,False,10,False,
decimal_value,value,number,True,None,False,
decimal_value,digits,integer,False,15,False,
definite_integral,expression,expression,True,None,False,
definite_integral,lower,bounds,True,None,False,
definite_integral,upper,bounds,True,None,False,
definite_integral,variable,variable,False,'x',False,
degrees_to_radians,degrees,angle,True,None,False,
derivative,expression,expression,True,None,False,
derivative,variable,variable,False,'x',False,
derivative,order,integer,False,1,False,
detect_trig_functions,expression,expression,True,None,False,
detect_variables,expression,expression,True,None,False,
differential,expression,expression,True,None,False,
differential,variable,variable,False,'x',False,
differential_approximation,expression,expression,True,None,False,
differential_approximation,point,number,True,None,True,number
differential_approximation,delta_x,number,True,None,False,
differential_approximation,variable,variable,False,'x',False,
differentiate_power_series,expression,expression,True,None,False,
differentiate_power_series,variable,variable,False,'x',False,
dilate_point,x,number,True,None,False,
dilate_point,y,number,True,None,False,
dilate_point,scale_factor,number,True,None,False,
dilate_point_about_center,x,number,True,None,False,
dilate_point_about_center,y,number,True,None,False,
dilate_point_about_center,center_x,number,True,None,False,
dilate_point_about_center,center_y,number,True,None,False,
dilate_point_about_center,scale_factor,number,True,None,False,
direction_angle_to_bearing,direction_angle,angle,True,None,False,
directional_derivative,expression,expression,True,None,False,
directional_derivative,direction,vector,True,None,True,vector
directional_derivative,variables,variable_list,False,"('x', 'y')",False,
discontinuity_type,expression,expression,True,None,False,
discontinuity_type,point,number,True,None,True,number
discontinuity_type,variable,variable,False,'x',False,
disk_volume,radius_function,expression,True,None,False,
disk_volume,lower,bounds,True,None,False,
disk_volume,upper,bounds,True,None,False,
disk_volume,variable,variable,False,'x',False,
distance_between_points,x1,number,True,None,False,
distance_between_points,y1,number,True,None,False,
distance_between_points,x2,number,True,None,False,
distance_between_points,y2,number,True,None,False,
divide,a,number,True,None,False,
divide,b,number,True,None,False,
double_integral,expression,expression,True,None,False,
double_integral,x_bounds,bounds,True,None,False,
double_integral,y_bounds,bounds,True,None,False,
equilateral_triangle_area,side,number,True,None,False,
equilateral_triangle_height,side,number,True,None,False,
evaluate_limit,expression,expression,True,None,False,
evaluate_limit,variable,variable,False,'x',False,
evaluate_limit,point,number,False,0,True,number
evaluate_limit,direction,string,False,'+-',True,string
evaluate_multivariable,expression,expression,True,None,False,
evaluate_multivariable,substitutions,mapping,True,None,False,
evaluate_piecewise,expression,expression,True,None,False,
evaluate_piecewise,variable,variable,True,None,False,
evaluate_piecewise,value,number,True,None,False,
evaluate_piecewise_calculus,expression,expression,True,None,False,
evaluate_piecewise_calculus,value,number,True,None,False,
evaluate_piecewise_calculus,variable,variable,False,'x',False,
evaluate_trig_function,function_name,string,True,None,False,
evaluate_trig_function,angle,angle,True,None,False,
evaluate_trig_function,unit,string,False,'radians',False,
evaluate_trig_function,decimal,boolean,False,False,False,
even_odd_identity,function_name,string,True,None,False,
even_odd_identity,angle,angle,True,None,False,
exact_calculus_value,expression,expression,True,None,False,
exact_trig_value,function_name,string,True,None,False,
exact_trig_value,angle,angle,True,None,False,
exact_trig_value,unit,string,False,'degrees',False,
excluded_values,expression,expression,True,None,False,
excluded_values,variable,variable,False,'x',False,
expand_expression,expression,expression,True,None,False,
expand_trig_expression,expression,expression,True,None,False,
exponential_derivative,expression,expression,True,None,False,
exponential_derivative,variable,variable,False,'x',False,
factor_expression,expression,expression,True,None,False,
factorial,value,number,True,None,False,
find_domain,expression,expression,True,None,False,
find_domain,variable,variable,False,'x',False,
find_range,expression,expression,True,None,False,
find_range,variable,variable,False,'x',False,
find_roots,expression,expression,True,None,False,
find_roots,variable,variable,False,'x',False,
find_x_intercepts,expression,expression,True,None,False,
find_x_intercepts,variable,variable,False,'x',False,
find_y_intercept,expression,expression,True,None,False,
find_y_intercept,variable,variable,False,'x',False,
first_derivative,expression,expression,True,None,False,
first_derivative,variable,variable,False,'x',False,
floor_value,value,number,True,None,False,
fundamental_line_integral,potential_function,expression,True,None,False,
fundamental_line_integral,start_point,point,True,None,False,
fundamental_line_integral,end_point,point,True,None,False,
fundamental_line_integral,variables,variable_list,False,"('x', 'y', 'z')",False,
geometric_series_sum,first_term,number,True,None,False,
geometric_series_sum,ratio,number,True,None,False,
get_denominator,expression,expression,True,None,False,
get_numerator,expression,expression,True,None,False,
gradient_vector,expression,expression,True,None,False,
gradient_vector,variables,variable_list,False,"('x', 'y')",False,
greatest_common_divisor,a,number,True,None,False,
greatest_common_divisor,b,number,True,None,False,
hemisphere_curved_surface_area,radius,number,True,None,False,
hemisphere_surface_area,radius,number,True,None,False,
hemisphere_volume,radius,number,True,None,False,
heron_triangle_area,side_a,number,True,None,False,
heron_triangle_area,side_b,number,True,None,False,
heron_triangle_area,side_c,number,True,None,False,
hessian_matrix,expression,expression,True,None,False,
hessian_matrix,variables,variable_list,False,"('x', 'y')",False,
hyperbolic_derivative,expression,expression,True,None,False,
hyperbolic_derivative,variable,variable,False,'x',False,
implicit_derivative,equation,equation,True,None,False,
implicit_derivative,dependent,variable,False,'y',False,
implicit_derivative,independent,variable,False,'x',False,
improper_integral,expression,expression,True,None,False,
improper_integral,lower,bounds,True,None,False,
improper_integral,upper,bounds,True,None,False,
improper_integral,variable,variable,False,'x',False,
improper_integral_converges,expression,expression,True,None,False,
improper_integral_converges,lower,bounds,True,None,False,
improper_integral_converges,upper,bounds,True,None,False,
improper_integral_converges,variable,variable,False,'x',False,
indefinite_integral,expression,expression,True,None,False,
indefinite_integral,variable,variable,False,'x',False,
infinite_series_sum,expression,expression,True,None,False,
infinite_series_sum,start,integer,False,1,True,integer
infinite_series_sum,index,integer,False,'n',False,
inflection_candidates,expression,expression,True,None,False,
inflection_candidates,variable,variable,False,'x',False,
integrate_power_series,expression,expression,True,None,False,
integrate_power_series,variable,variable,False,'x',False,
integration_by_parts,u,expression,True,None,False,
integration_by_parts,dv,expression,True,None,False,
integration_by_parts,variable,variable,False,'x',False,
inverse_function,expression,expression,True,None,False,
inverse_function,variable,variable,False,'x',False,
inverse_function,output_variable,variable,False,'y',False,
is_conservative_field,components,list,True,None,False,
is_conservative_field,variables,variable_list,False,"('x', 'y', 'z')",False,
is_continuous_at,expression,expression,True,None,False,
is_continuous_at,point,point,True,None,False,
is_continuous_at,variable,variable,False,'x',False,
isosceles_triangle_area,equal_side,number,True,None,False,
isosceles_triangle_area,base,number,True,None,False,
isosceles_triangle_height,equal_side,number,True,None,False,
isosceles_triangle_height,base,number,True,None,False,
kite_area,diagonal_1,number,True,None,False,
kite_area,diagonal_2,number,True,None,False,
kite_perimeter,side_a,number,True,None,False,
kite_perimeter,side_b,number,True,None,False,
lagrange_multipliers,objective,expression,True,None,False,
lagrange_multipliers,constraint,expression,True,None,False,
lagrange_multipliers,variables,variable_list,False,"('x', 'y')",False,
law_of_cosines_angle,opposite_side,number,True,None,False,
law_of_cosines_angle,adjacent_side_1,number,True,None,False,
law_of_cosines_angle,adjacent_side_2,number,True,None,False,
law_of_cosines_angle,output_unit,string,False,'degrees',False,
law_of_cosines_side,side_a,number,True,None,False,
law_of_cosines_side,side_b,number,True,None,False,
law_of_cosines_side,included_angle,angle,True,None,False,
law_of_cosines_side,unit,string,False,'degrees',False,
law_of_sines_angle,target_side,number,True,None,False,
law_of_sines_angle,known_side,number,True,None,False,
law_of_sines_angle,known_angle,angle,True,None,False,
law_of_sines_angle,output_unit,string,False,'degrees',False,
law_of_sines_side,known_side,number,True,None,False,
law_of_sines_side,known_angle,angle,True,None,False,
law_of_sines_side,target_angle,angle,True,None,False,
law_of_sines_side,unit,string,False,'degrees',False,
law_of_sines_ssa_solutions,known_side,number,True,None,False,
law_of_sines_ssa_solutions,known_angle,angle,True,None,False,
law_of_sines_ssa_solutions,target_side,number,True,None,False,
leading_coefficient,expression,expression,True,None,False,
leading_coefficient,variable,variable,False,'x',False,
least_common_multiple,a,number,True,None,False,
least_common_multiple,b,number,True,None,False,
left_hand_limit,expression,expression,True,None,False,
left_hand_limit,variable,variable,False,'x',False,
left_hand_limit,point,point,False,0,False,
left_riemann_sum,expression,expression,True,None,False,
left_riemann_sum,lower,bounds,True,None,False,
left_riemann_sum,upper,bounds,True,None,False,
left_riemann_sum,rectangles,integer,True,None,False,
left_riemann_sum,variable,variable,False,'x',False,
level_curve,expression,expression,True,None,False,
level_curve,level,number,True,None,False,
level_curve,variables,variable_list,False,"('x', 'y')",False,
limit_at_infinity,expression,expression,True,None,False,
limit_at_infinity,variable,variable,False,'x',False,
limit_at_infinity,direction,vector,False,'positive',False,
limit_exists,expression,expression,True,None,False,
limit_exists,variable,variable,False,'x',False,
limit_exists,point,point,False,0,False,
line_equation_point_slope,x1,number,True,None,False,
line_equation_point_slope,y1,number,True,None,False,
line_equation_point_slope,slope_value,number,True,None,False,
line_equation_slope_intercept,slope_value,number,True,None,False,
line_equation_slope_intercept,y_intercept,number,True,None,False,
line_from_point_slope,x1,number,True,None,False,
line_from_point_slope,y1,number,True,None,False,
line_from_point_slope,line_slope,number,True,None,False,
line_from_two_points,x1,number,True,None,False,
line_from_two_points,y1,number,True,None,False,
line_from_two_points,x2,number,True,None,False,
line_from_two_points,y2,number,True,None,False,
line_intersection,slope_1,number,True,None,False,
line_intersection,intercept_1,number,True,None,False,
line_intersection,slope_2,number,True,None,False,
line_intersection,intercept_2,number,True,None,False,
line_standard_form_from_points,x1,number,True,None,False,
line_standard_form_from_points,y1,number,True,None,False,
line_standard_form_from_points,x2,number,True,None,False,
line_standard_form_from_points,y2,number,True,None,False,
line_x_intercept,slope_value,number,True,None,False,
line_x_intercept,y_intercept,number,True,None,False,
line_y_intercept,slope_value,number,True,None,False,
line_y_intercept,y_intercept,number,True,None,False,
linearization,expression,expression,True,None,False,
linearization,point,point,True,None,False,
linearization,variable,variable,False,'x',False,
logarithm,value,number,True,None,False,
logarithm,base,number,False,None,False,
logarithmic_derivative,expression,expression,True,None,False,
logarithmic_derivative,variable,variable,False,'x',False,
maclaurin_series,expression,expression,True,None,False,
maclaurin_series,order,integer,True,None,False,
maclaurin_series,variable,variable,False,'x',False,
midpoint,x1,number,True,None,False,
midpoint,y1,number,True,None,False,
midpoint,x2,number,True,None,False,
midpoint,y2,number,True,None,False,
midpoint_rule,expression,expression,True,None,False,
midpoint_rule,lower,bounds,True,None,False,
midpoint_rule,upper,bounds,True,None,False,
midpoint_rule,rectangles,integer,True,None,False,
midpoint_rule,variable,variable,False,'x',False,
missing_triangle_angle,angle_1,angle,True,None,False,
missing_triangle_angle,angle_2,angle,True,None,False,
mixed_partial_derivative,expression,expression,True,None,False,
mixed_partial_derivative,variables,variable_list,True,None,False,
multiply,a,number,True,None,False,
multiply,b,number,True,None,False,
multivariable_critical_points,expression,expression,True,None,False,
multivariable_critical_points,variables,variable_list,False,"('x', 'y')",False,
normal_line,expression,expression,True,None,False,
normal_line,point,number,True,None,True,number
normal_line,variable,variable,False,'x',False,
normalize_degrees,degrees,angle,True,None,False,
normalize_radians,radians,angle,True,None,False,
nth_derivative,expression,expression,True,None,False,
nth_derivative,order,integer,True,None,False,
nth_derivative,variable,variable,False,'x',False,
nth_root,value,number,True,None,False,
nth_root,n,integer,True,None,False,
nth_term_test,expression,expression,True,None,False,
nth_term_test,index,integer,False,'n',False,
numerical_limit,expression,expression,True,None,False,
numerical_limit,variable,variable,False,'x',False,
numerical_limit,point,number,False,0,True,number
numerical_limit,digits,integer,False,10,False,
optimization_candidates,expression,expression,True,None,False,
optimization_candidates,variable,variable,False,'x',False,
optimization_candidates,interval,bounds,False,None,False,
parallelogram_area,base,number,True,None,False,
parallelogram_area,height,number,True,None,False,
parallelogram_perimeter,side_a,number,True,None,False,
parallelogram_perimeter,side_b,number,True,None,False,
parametric_arc_length,x_expression,expression,True,None,False,
parametric_arc_length,y_expression,expression,True,None,False,
parametric_arc_length,lower,bounds,True,None,False,
parametric_arc_length,upper,bounds,True,None,False,
parametric_arc_length,parameter,variable,False,'t',False,
parametric_area,x_expression,expression,True,None,False,
parametric_area,y_expression,expression,True,None,False,
parametric_area,lower,bounds,True,None,False,
parametric_area,upper,bounds,True,None,False,
parametric_area,parameter,variable,False,'t',False,
parametric_derivative,x_expression,expression,True,None,False,
parametric_derivative,y_expression,expression,True,None,False,
parametric_derivative,parameter,variable,False,'t',False,
parametric_second_derivative,x_expression,expression,True,None,False,
parametric_second_derivative,y_expression,expression,True,None,False,
parametric_second_derivative,parameter,variable,False,'t',False,
parametric_tangent_slope,x_expression,expression,True,None,False,
parametric_tangent_slope,y_expression,expression,True,None,False,
parametric_tangent_slope,parameter_value,number,True,None,False,
parametric_tangent_slope,parameter,variable,False,'t',False,
parse_angle,value,number,True,None,False,
parse_expression,expression,expression,True,None,False,
parse_variable,variable,variable,True,None,False,
partial_derivative,expression,expression,True,None,False,
partial_derivative,variable,variable,True,None,False,
partial_derivative,order,integer,False,1,False,
partial_fraction,expression,expression,True,None,False,
partial_fraction,variable,variable,False,'x',False,
partial_sum,expression,expression,True,None,False,
partial_sum,start,integer,True,None,True,integer
partial_sum,end,integer,True,None,True,integer
partial_sum,index,integer,False,'n',False,
percent_change,original,number,True,None,False,
percent_change,new,number,True,None,False,
percentage,part,number,True,None,False,
percentage,whole,number,True,None,False,
percentage_error,exact_value,number,True,None,False,
percentage_error,approximate_value,number,True,None,False,
perpendicular_bisector,x1,number,True,None,False,
perpendicular_bisector,y1,number,True,None,False,
perpendicular_bisector,x2,number,True,None,False,
perpendicular_bisector,y2,number,True,None,False,
perpendicular_slope,slope_value,number,True,None,False,
point_to_line_distance,point_x,number,True,None,True,number
point_to_line_distance,point_y,number,True,None,True,number
point_to_line_distance,A,number,True,None,False,
point_to_line_distance,B,number,True,None,False,
point_to_line_distance,C,number,True,None,False,
polar_angle,x,number,True,None,False,
polar_angle,y,number,True,None,False,
polar_angle,output_unit,string,False,'radians',False,
polar_arc_length,radius_expression,expression,True,None,False,
polar_arc_length,lower_angle,angle,True,None,False,
polar_arc_length,upper_angle,angle,True,None,False,
polar_arc_length,variable,variable,False,'theta',False,
polar_area,radius_expression,expression,True,None,False,
polar_area,lower_angle,angle,True,None,False,
polar_area,upper_angle,angle,True,None,False,
polar_area,variable,variable,False,'theta',False,
polar_double_integral,expression,expression,True,None,False,
polar_double_integral,r_bounds,bounds,True,None,False,
polar_double_integral,theta_bounds,bounds,True,None,False,
polar_radius,x,number,True,None,False,
polar_radius,y,number,True,None,False,
polar_slope,radius_expression,expression,True,None,False,
polar_slope,variable,variable,False,'theta',False,
polar_to_cartesian,radius,number,True,None,False,
polar_to_cartesian,angle,angle,True,None,False,
polar_to_cartesian,angle_unit,string,False,'radians',False,
polygon_diagonals,number_of_sides,integer,True,None,False,
polygon_interior_angle_sum,number_of_sides,integer,True,None,False,
polygon_perimeter,side_lengths,list,True,None,False,
polynomial_coefficients,expression,expression,True,None,False,
polynomial_coefficients,variable,variable,False,'x',False,
polynomial_degree,expression,expression,True,None,False,
polynomial_degree,variable,variable,False,'x',False,
polynomial_division,dividend,expression,True,None,False,
polynomial_division,divisor,expression,True,None,False,
polynomial_division,variable,variable,False,'x',False,
polynomial_gcd,expression_1,expression,True,None,False,
polynomial_gcd,expression_2,expression,True,None,False,
polynomial_gcd,variable,variable,False,'x',False,
polynomial_remainder,dividend,expression,True,None,False,
polynomial_remainder,divisor,expression,True,None,False,
polynomial_remainder,variable,variable,False,'x',False,
polynomial_terms,expression,expression,True,None,False,
polynomial_terms,variable,variable,False,'x',False,
power,base,number,True,None,False,
power,exponent,number,True,None,False,
power_series_expansion,expression,expression,True,None,False,
power_series_expansion,variable,variable,False,'x',False,
power_series_expansion,center,point,False,0,False,
power_series_expansion,order,integer,False,6,False,
prime_factorization,value,number,True,None,False,
prism_surface_area,base_area,number,True,None,False,
prism_surface_area,base_perimeter,number,True,None,False,
prism_surface_area,height,number,True,None,False,
prism_volume,base_area,number,True,None,False,
prism_volume,height,number,True,None,False,
product_rule,first,expression,True,None,False,
product_rule,second,expression,True,None,False,
product_rule,variable,variable,False,'x',False,
product_to_sum_cos_cos,angle_a,angle,True,None,False,
product_to_sum_cos_cos,angle_b,angle,True,None,False,
product_to_sum_sin_sin,angle_a,angle,True,None,False,
product_to_sum_sin_sin,angle_b,angle,True,None,False,
pyramid_volume,base_area,number,True,None,False,
pyramid_volume,height,number,True,None,False,
pythagorean_hypotenuse,side_a,number,True,None,False,
pythagorean_hypotenuse,side_b,number,True,None,False,
pythagorean_identity_sin_cos,angle,angle,True,None,False,
pythagorean_identity_tan_sec,angle,angle,True,None,False,
pythagorean_leg,hypotenuse,number,True,None,False,
pythagorean_leg,known_leg,number,True,None,False,
quadratic_formula,a,number,True,None,False,
quadratic_formula,b,number,True,None,False,
quadratic_formula,c,number,True,None,False,
quadrilateral_perimeter,side_a,number,True,None,False,
quadrilateral_perimeter,side_b,number,True,None,False,
quadrilateral_perimeter,side_c,number,True,None,False,
quadrilateral_perimeter,side_d,number,True,None,False,
quotient_identity,function_name,string,True,None,False,
quotient_identity,angle,angle,True,None,False,
quotient_rule,numerator,expression,True,None,False,
quotient_rule,denominator,expression,True,None,False,
quotient_rule,variable,variable,False,'x',False,
radians_to_degrees,radians,angle,True,None,False,
ratio,a,number,True,None,False,
ratio,b,number,True,None,False,
rational_integral,expression,expression,True,None,False,
rational_integral,variable,variable,False,'x',False,
rational_simplify,expression,expression,True,None,False,
reciprocal_identity,function_name,string,True,None,False,
reciprocal_identity,angle,angle,True,None,False,
rectangle_area,length,number,True,None,False,
rectangle_area,width,number,True,None,False,
rectangle_diagonal,length,number,True,None,False,
rectangle_diagonal,width,number,True,None,False,
rectangle_perimeter,length,number,True,None,False,
rectangle_perimeter,width,number,True,None,False,
rectangular_prism_surface_area,length,number,True,None,False,
rectangular_prism_surface_area,width,number,True,None,False,
rectangular_prism_surface_area,height,number,True,None,False,
rectangular_prism_volume,length,number,True,None,False,
rectangular_prism_volume,width,number,True,None,False,
rectangular_prism_volume,height,number,True,None,False,
rectangular_pyramid_volume,length,number,True,None,False,
rectangular_pyramid_volume,width,number,True,None,False,
rectangular_pyramid_volume,height,number,True,None,False,
reference_angle_degrees,degrees,angle,True,None,False,
reference_angle_radians,radians,angle,True,None,False,
reflect_origin,x,number,True,None,False,
reflect_origin,y,number,True,None,False,
reflect_x_axis,x,number,True,None,False,
reflect_x_axis,y,number,True,None,False,
reflect_y_axis,x,number,True,None,False,
reflect_y_axis,y,number,True,None,False,
regular_polygon_apothem,number_of_sides,integer,True,None,False,
regular_polygon_apothem,side_length,number,True,None,False,
regular_polygon_area,number_of_sides,integer,True,None,False,
regular_polygon_area,side_length,number,True,None,False,
regular_polygon_area_from_apothem,number_of_sides,integer,True,None,False,
regular_polygon_area_from_apothem,side_length,number,True,None,False,
regular_polygon_area_from_apothem,apothem,number,True,None,False,
regular_polygon_exterior_angle,number_of_sides,integer,True,None,False,
regular_polygon_interior_angle,number_of_sides,integer,True,None,False,
regular_polygon_perimeter,number_of_sides,integer,True,None,False,
regular_polygon_perimeter,side_length,number,True,None,False,
regular_polygon_side_from_apothem,number_of_sides,integer,True,None,False,
regular_polygon_side_from_apothem,apothem,number,True,None,False,
regular_tetrahedron_surface_area,side,number,True,None,False,
regular_tetrahedron_volume,side,number,True,None,False,
related_rate,equation,equation,True,None,False,
related_rate,solve_for_rate,string,True,None,False,
related_rate,substitutions,mapping,True,None,False,
relative_error,exact_value,number,True,None,False,
relative_error,approximate_value,number,True,None,False,
rewrite_trig_as_sin_cos,expression,expression,True,None,False,
rhombus_area,diagonal_1,number,True,None,False,
rhombus_area,diagonal_2,number,True,None,False,
rhombus_perimeter,side,number,True,None,False,
right_hand_limit,expression,expression,True,None,False,
right_hand_limit,variable,variable,False,'x',False,
right_hand_limit,point,point,False,0,False,
right_riemann_sum,expression,expression,True,None,False,
right_riemann_sum,lower,bounds,True,None,False,
right_riemann_sum,upper,bounds,True,None,False,
right_riemann_sum,rectangles,integer,True,None,False,
right_riemann_sum,variable,variable,False,'x',False,
right_triangle_adjacent,angle,angle,True,None,False,
right_triangle_adjacent,hypotenuse,number,True,None,False,
right_triangle_adjacent,unit,string,False,'degrees',False,
right_triangle_angle_from_sides,opposite,number,True,None,False,
right_triangle_angle_from_sides,adjacent,number,True,None,False,
right_triangle_angle_from_sides,output_unit,string,False,'degrees',False,
right_triangle_cosine,adjacent,number,True,None,False,
right_triangle_cosine,hypotenuse,number,True,None,False,
right_triangle_opposite,angle,angle,True,None,False,
right_triangle_opposite,hypotenuse,number,True,None,False,
right_triangle_opposite,unit,string,False,'degrees',False,
right_triangle_sine,opposite,number,True,None,False,
right_triangle_sine,hypotenuse,number,True,None,False,
right_triangle_tangent,opposite,number,True,None,False,
right_triangle_tangent,adjacent,number,True,None,False,
rotate_point,x,number,True,None,False,
rotate_point,y,number,True,None,False,
rotate_point,angle_degrees,angle,True,None,False,
rotate_point_180,x,number,True,None,False,
rotate_point_180,y,number,True,None,False,
rotate_point_270,x,number,True,None,False,
rotate_point_270,y,number,True,None,False,
rotate_point_90,x,number,True,None,False,
rotate_point_90,y,number,True,None,False,
round_value,value,number,True,None,False,
round_value,digits,integer,False,0,False,
scalar_line_integral,scalar_field,expression,True,None,False,
scalar_line_integral,path_components,list,True,None,False,
scalar_line_integral,lower,bounds,True,None,False,
scalar_line_integral,upper,bounds,True,None,False,
scalar_line_integral,parameter,variable,False,'t',False,
scale_factor,original_length,number,True,None,False,
scale_factor,new_length,number,True,None,False,
scientific_notation,value,number,True,None,False,
scientific_notation,significant_digits,integer,False,6,False,
secant,angle,angle,True,None,False,
secant,unit,string,False,'radians',False,
second_derivative,expression,expression,True,None,False,
second_derivative,variable,variable,False,'x',False,
second_derivative_test,expression,expression,True,None,False,
second_derivative_test,point,point,True,None,False,
second_derivative_test,variable,variable,False,'x',False,
sector_area,radius,number,True,None,False,
sector_area,central_angle_degrees,angle,True,None,False,
semicircle_area,radius,number,True,None,False,
sequence_converges,expression,expression,True,None,False,
sequence_converges,index,integer,False,'n',False,
sequence_limit,expression,expression,True,None,False,
sequence_limit,index,integer,False,'n',False,
sequence_term,expression,expression,True,None,False,
sequence_term,index_value,number,True,None,False,
sequence_term,index,integer,False,'n',False,
shell_volume,radius,number,True,None,False,
shell_volume,height,number,True,None,False,
shell_volume,lower,bounds,True,None,False,
shell_volume,upper,bounds,True,None,False,
shell_volume,variable,variable,False,'x',False,
shoelace_area,points,list,True,None,False,
signed_area,expression,expression,True,None,False,
signed_area,lower,bounds,True,None,False,
signed_area,upper,bounds,True,None,False,
signed_area,variable,variable,False,'x',False,
similar_figure_area,original_area,number,True,None,False,
similar_figure_area,scale_factor_value,number,True,None,False,
similar_figure_length,original_length,number,True,None,False,
similar_figure_length,scale_factor_value,number,True,None,False,
similar_figure_volume,original_volume,number,True,None,False,
similar_figure_volume,scale_factor_value,number,True,None,False,
simplify_calculus_result,expression,expression,True,None,False,
simplify_expression,expression,expression,True,None,False,
simplify_trig,expression,expression,True,None,False,
simpsons_rule,expression,expression,True,None,False,
simpsons_rule,lower,bounds,True,None,False,
simpsons_rule,upper,bounds,True,None,False,
simpsons_rule,intervals,integer,True,None,False,
simpsons_rule,variable,variable,False,'x',False,
sine,angle,angle,True,None,False,
sine,unit,string,False,'radians',False,
sine_difference,angle_a,angle,True,None,False,
sine_difference,angle_b,angle,True,None,False,
sine_double_angle,angle,angle,True,None,False,
sine_graph_properties,A,number,True,None,False,
sine_graph_properties,B,number,True,None,False,
sine_graph_properties,C,number,False,0,False,
sine_graph_properties,D,number,False,0,False,
sine_half_angle,angle,angle,True,None,False,
sine_power_reduction,angle,angle,True,None,False,
sine_sum,angle_a,angle,True,None,False,
sine_sum,angle_b,angle,True,None,False,
slope,x1,number,True,None,False,
slope,y1,number,True,None,False,
slope,x2,number,True,None,False,
slope,y2,number,True,None,False,
solve_absolute_value,left_side,expression,True,None,False,
solve_absolute_value,right_side,expression,False,0,False,
solve_absolute_value,variable,variable,False,'x',False,
solve_cosine_equation,value,number,True,None,False,
solve_cosine_equation,variable,variable,False,'x',False,
solve_cosine_equation,domain,string,False,Reals,False,
solve_equation,left_side,expression,True,None,False,
solve_equation,right_side,expression,False,0,False,
solve_equation,variable,variable,False,'x',False,
solve_exponential,left_side,expression,True,None,False,
solve_exponential,right_side,expression,True,None,False,
solve_exponential,variable,variable,False,'x',False,
solve_inequality,inequality,equation,True,None,False,
solve_inequality,variable,variable,False,'x',False,
solve_logarithmic,left_side,expression,True,None,False,
solve_logarithmic,right_side,expression,True,None,False,
solve_logarithmic,variable,variable,False,'x',False,
solve_piecewise,expression,expression,True,None,False,
solve_piecewise,right_side,expression,False,0,False,
solve_piecewise,variable,variable,False,'x',False,
solve_proportion,a,number,True,None,False,
solve_proportion,b,number,True,None,False,
solve_proportion,c,number,True,None,False,
solve_real,expression,expression,True,None,False,
solve_real,variable,variable,False,'x',False,
solve_right_triangle,opposite,number,True,None,False,
solve_right_triangle,adjacent,number,True,None,False,
solve_sine_equation,value,number,True,None,False,
solve_sine_equation,variable,variable,False,'x',False,
solve_sine_equation,domain,string,False,Reals,False,
solve_system,equations,equation_list,True,None,False,
solve_system,variables,variable_list,True,None,False,
solve_system_advanced,equations,equation_list,True,None,False,
solve_system_advanced,variables,variable_list,True,None,False,
solve_tangent_equation,value,number,True,None,False,
solve_tangent_equation,variable,variable,False,'x',False,
solve_tangent_equation,domain,string,False,Reals,False,
solve_triangle_aas,angle_a,angle,True,None,False,
solve_triangle_aas,angle_b,angle,True,None,False,
solve_triangle_aas,side_a,number,True,None,False,
solve_triangle_asa,angle_a,angle,True,None,False,
solve_triangle_asa,angle_b,angle,True,None,False,
solve_triangle_asa,included_side,number,True,None,False,
solve_triangle_sas,side_a,number,True,None,False,
solve_triangle_sas,side_b,number,True,None,False,
solve_triangle_sas,included_angle,angle,True,None,False,
solve_triangle_ssa,known_side,number,True,None,False,
solve_triangle_ssa,known_angle,angle,True,None,False,
solve_triangle_ssa,second_side,number,True,None,False,
solve_triangle_sss,side_a,number,True,None,False,
solve_triangle_sss,side_b,number,True,None,False,
solve_triangle_sss,side_c,number,True,None,False,
solve_trig_equation,left_side,expression,True,None,False,
solve_trig_equation,right_side,expression,False,0,False,
solve_trig_equation,variable,variable,False,'x',False,
solve_trig_equation,domain,string,False,Reals,False,
solve_trig_interval,left_side,expression,True,None,False,
solve_trig_interval,right_side,expression,True,None,False,
solve_trig_interval,start,angle,True,None,True,angle
solve_trig_interval,end,angle,True,None,True,angle
solve_trig_interval,variable,variable,False,'x',False,
sphere_surface_area,radius,number,True,None,False,
sphere_volume,radius,number,True,None,False,
spherical_jacobian,radius,number,True,None,False,
spherical_jacobian,phi,angle,True,None,False,
square_area,side,number,True,None,False,
square_diagonal,side,number,True,None,False,
square_perimeter,side,number,True,None,False,
square_pyramid_surface_area,base_side,number,True,None,False,
square_pyramid_surface_area,slant_height,number,True,None,False,
square_pyramid_volume,base_side,number,True,None,False,
square_pyramid_volume,height,number,True,None,False,
square_root,value,number,True,None,False,
substitute,expression,expression,True,None,False,
substitute,variable,variable,True,None,False,
substitute,value,number,True,None,False,
substitution_integral,expression,expression,True,None,False,
substitution_integral,variable,variable,False,'x',False,
subtract,a,number,True,None,False,
subtract,b,number,True,None,False,
sum_to_product_cosine,angle_a,angle,True,None,False,
sum_to_product_cosine,angle_b,angle,True,None,False,
sum_to_product_sine,angle_a,angle,True,None,False,
sum_to_product_sine,angle_b,angle,True,None,False,
surface_area_x_axis,expression,expression,True,None,False,
surface_area_x_axis,lower,bounds,True,None,False,
surface_area_x_axis,upper,bounds,True,None,False,
surface_area_x_axis,variable,variable,False,'x',False,
tangent,angle,angle,True,None,False,
tangent,unit,string,False,'radians',False,
tangent_difference,angle_a,angle,True,None,False,
tangent_difference,angle_b,angle,True,None,False,
tangent_double_angle,angle,angle,True,None,False,
tangent_graph_properties,A,number,True,None,False,
tangent_graph_properties,B,number,True,None,False,
tangent_graph_properties,C,number,False,0,False,
tangent_graph_properties,D,number,False,0,False,
tangent_line,expression,expression,True,None,False,
tangent_line,point,number,True,None,True,number
tangent_line,variable,variable,False,'x',False,
tangent_plane,expression,expression,True,None,False,
tangent_plane,point,point,True,None,False,
tangent_plane,variables,variable_list,False,"('x', 'y')",False,
tangent_sum,angle_a,angle,True,None,False,
tangent_sum,angle_b,angle,True,None,False,
taylor_polynomial,expression,expression,True,None,False,
taylor_polynomial,center,number,True,None,True,number
taylor_polynomial,degree,integer,True,None,False,
taylor_polynomial,variable,variable,False,'x',False,
taylor_series,expression,expression,True,None,False,
taylor_series,center,number,True,None,True,number
taylor_series,order,integer,True,None,False,
taylor_series,variable,variable,False,'x',False,
translate_point,x,number,True,None,False,
translate_point,y,number,True,None,False,
translate_point,delta_x,number,True,None,False,
translate_point,delta_y,number,True,None,False,
translate_points,points,list,True,None,False,
translate_points,delta_x,number,True,None,False,
translate_points,delta_y,number,True,None,False,
trapezoid_area,base_1,number,True,None,False,
trapezoid_area,base_2,number,True,None,False,
trapezoid_area,height,number,True,None,False,
trapezoid_perimeter,side_a,number,True,None,False,
trapezoid_perimeter,side_b,number,True,None,False,
trapezoid_perimeter,side_c,number,True,None,False,
trapezoid_perimeter,side_d,number,True,None,False,
trapezoidal_rule,expression,expression,True,None,False,
trapezoidal_rule,lower,bounds,True,None,False,
trapezoidal_rule,upper,bounds,True,None,False,
trapezoidal_rule,intervals,integer,True,None,False,
trapezoidal_rule,variable,variable,False,'x',False,
triangle_angle_sum_is_valid,angle_1,angle,True,None,False,
triangle_angle_sum_is_valid,angle_2,angle,True,None,False,
triangle_angle_sum_is_valid,angle_3,angle,True,None,False,
triangle_area,base,number,True,None,False,
triangle_area,height,number,True,None,False,
triangle_area_sas,side_a,number,True,None,False,
triangle_area_sas,side_b,number,True,None,False,
triangle_area_sas,included_angle,angle,True,None,False,
triangle_area_sas,unit,string,False,'degrees',False,
triangle_centroid,x1,number,True,None,False,
triangle_centroid,y1,number,True,None,False,
triangle_centroid,x2,number,True,None,False,
triangle_centroid,y2,number,True,None,False,
triangle_centroid,x3,number,True,None,False,
triangle_centroid,y3,number,True,None,False,
triangle_circumradius,side_a,number,True,None,False,
triangle_circumradius,side_b,number,True,None,False,
triangle_circumradius,side_c,number,True,None,False,
triangle_exterior_angle,remote_angle_1,angle,True,None,False,
triangle_exterior_angle,remote_angle_2,angle,True,None,False,
triangle_inradius_from_area,area,number,True,None,False,
triangle_inradius_from_area,side_a,number,True,None,False,
triangle_inradius_from_area,side_b,number,True,None,False,
triangle_inradius_from_area,side_c,number,True,None,False,
triangle_is_valid,side_a,number,True,None,False,
triangle_is_valid,side_b,number,True,None,False,
triangle_is_valid,side_c,number,True,None,False,
triangle_perimeter,side_a,number,True,None,False,
triangle_perimeter,side_b,number,True,None,False,
triangle_perimeter,side_c,number,True,None,False,
triangular_prism_surface_area,side_a,number,True,None,False,
triangular_prism_surface_area,side_b,number,True,None,False,
triangular_prism_surface_area,side_c,number,True,None,False,
triangular_prism_surface_area,triangle_base,number,True,None,False,
triangular_prism_surface_area,triangle_height,number,True,None,False,
triangular_prism_surface_area,prism_length,number,True,None,False,
triangular_prism_volume,triangle_base,number,True,None,False,
triangular_prism_volume,triangle_height,number,True,None,False,
triangular_prism_volume,prism_length,number,True,None,False,
trig_derivative,expression,expression,True,None,False,
trig_derivative,variable,variable,False,'x',False,
trig_expression_value,expression,expression,True,None,False,
trig_expression_value,substitutions,mapping,False,None,False,
trig_expression_value,decimal,boolean,False,False,False,
trig_frequency,B,number,True,None,False,
trig_integral,expression,expression,True,None,False,
trig_integral,variable,variable,False,'x',False,
trig_signs_by_quadrant,quadrant,integer,True,None,False,
triple_integral,expression,expression,True,None,False,
triple_integral,x_bounds,bounds,True,None,False,
triple_integral,y_bounds,bounds,True,None,False,
triple_integral,z_bounds,bounds,True,None,False,
unit_circle_coordinates,angle,angle,True,None,False,
unit_circle_coordinates,unit,string,False,'radians',False,
unit_circle_values,angle,angle,True,None,False,
unit_circle_values,unit,string,False,'radians',False,
valid_domain,expression,expression,True,None,False,
valid_domain,variable,variable,False,'x',False,
vector_components,magnitude,number,True,None,False,
vector_components,angle,angle,True,None,False,
vector_components,angle_unit,string,False,'degrees',False,
vector_curl,components,list,True,None,False,
vector_curl,variables,variable_list,False,"('x', 'y', 'z')",False,
vector_direction,x_component,number,True,None,False,
vector_direction,y_component,number,True,None,False,
vector_direction,output_unit,string,False,'degrees',False,
vector_divergence,components,list,True,None,False,
vector_divergence,variables,variable_list,False,"('x', 'y', 'z')",False,
vector_from_bearing,magnitude,number,True,None,False,
vector_from_bearing,bearing,angle,True,None,False,
vector_from_components,x_component,number,True,None,False,
vector_from_components,y_component,number,True,None,False,
vector_function_derivative,components,list,True,None,False,
vector_function_derivative,parameter,variable,False,'t',False,
vector_function_integral,components,list,True,None,False,
vector_function_integral,parameter,variable,False,'t',False,
vector_line_integral,field_components,list,True,None,False,
vector_line_integral,path_components,list,True,None,False,
vector_line_integral,lower,bounds,True,None,False,
vector_line_integral,upper,bounds,True,None,False,
vector_line_integral,parameter,variable,False,'t',False,
vector_magnitude,x_component,number,True,None,False,
vector_magnitude,y_component,number,True,None,False,
velocity_vector,position_components,list,True,None,False,
velocity_vector,parameter,variable,False,'t',False,
verify_trig_identity,left_side,expression,True,None,False,
verify_trig_identity,right_side,expression,True,None,False,
washer_volume,outer_radius,number,True,None,False,
washer_volume,inner_radius,number,True,None,False,
washer_volume,lower,bounds,True,None,False,
washer_volume,upper,bounds,True,None,False,
washer_volume,variable,variable,False,'x',False,
